timesheet_id,employee_id,employee_name,employee_role,project_id,project_name,project_budget,date,hours
ebc4d98498903cecee075d243706a193,E040,Soraya Mohammadi,Data Analyst,P009,Compliance Reporting Tool,40000.00,2024-04-30,7.50
6400fc0887ea0fff68674c8d260ee924,E019,Marcus Bell,DevOps Engineer,P029,Observability Stack,39000.00,2024-05-02,7.00
e20ac66c5d2375b7b9a52b938c70678b,E030,Elena Popescu,Data Analyst,P009,Compliance Reporting Tool,40000.00,2024-03-28,6.00
ba8f00d72bbc846dd6ee35a3c12df2ee,E006,Chris Ndukwe,DevOps Engineer,P029,Observability Stack,39000.00,2024-02-17,8.00
61444bef0d56d299dbeeecb81f4017e3,E013,,Data Analyst,P009,Compliance Reporting Tool,40000.00,2024-03-28,8.00
b6f07143940f2cb7c70c2a60b02629cd,E033,Andrei Popov,DevOps Engineer,P029,Observability Stack,39000.00,2024-02-18,8.00
6d9d876ab03020508c5e3b3ede7864ad,E040,Soraya Mohammadi,Data Analyst,P009,Compliance Reporting Tool,40000.00,2024-05-27,6.50
1b84cc86c7826eb96a387b45af4feb41,E019,Marcus Bell,DevOps Engineer,P029,Observability Stack,39000.00,2024-03-19,7.00
04bbf03e414053675707424607746a61,E030,Elena Popescu,Data Analyst,P009,Compliance Reporting Tool,40000.00,2024-01-18,7.50
5e0c10aab94820a4b1572186a6a624d5,E006,Chris Ndukwe,DevOps Engineer,P029,Observability Stack,39000.00,2024-03-18,8.00
7a80c8dc71f4fd272ae00a9d6b0a5c90,E030,Elena Popescu,Data Analyst,P009,Compliance Reporting Tool,40000.00,2024-04-30,8.00
5fdfb7944770d9c1d12289f08ec46657,E033,Andrei Popov,DevOps Engineer,P029,Observability Stack,39000.00,2024-03-19,8.00
8bfde597dd675e070ae1a41924cee8f1,E013,,Data Analyst,P009,Compliance Reporting Tool,40000.00,2024-04-30,6.00
5aa604e91029b64a005ce3e03caa5797,E033,Andrei Popov,DevOps Engineer,P029,Observability Stack,39000.00,2024-05-02,8.50
8df2d35f672025507c6af3007c3ed56e,E002,James Patel,Data Analyst,P009,Compliance Reporting Tool,40000.00,2024-01-15,7.50
d8b478718530cff5a13b9144d22bbf9b,E019,Marcus Bell,DevOps Engineer,P029,Observability Stack,39000.00,2024-02-17,7.50
d27941e78f81bc87b92cabaf47101fc9,E040,Soraya Mohammadi,Data Analyst,P009,Compliance Reporting Tool,40000.00,2024-01-23,7.00
a9794fa776bebd0505538a7343768ce1,E006,Chris Ndukwe,DevOps Engineer,P029,Observability Stack,39000.00,2024-05-02,8.00
f9083874de7b92688af31946a89af9dc,E040,Soraya Mohammadi,Data Analyst,P009,Compliance Reporting Tool,40000.00,2024-03-28,7.50
77efad515731ff2104b5a7209cbb8ddc,E013,,Data Analyst,P009,Compliance Reporting Tool,40000.00,2024-01-11,8.00
2a51e6bb2d2e61a1cae802f70d770d7f,E013,,Data Analyst,P009,Compliance Reporting Tool,40000.00,2024-01-28,6.00
267dbc32543f3fa8fbcf79eac40bb2c4,E013,,Data Analyst,P009,Compliance Reporting Tool,40000.00,2024-05-27,8.00
40fa2899f59483368faf4d6fa977396d,E039,Nils Bergström,Backend Engineer,P002,Data Warehouse Migration,85000.00,2024-05-15,8.00
b6da642a38cc423c46a3f39e07d624f3,E004,Tom Whitfield,Product Manager,P015,Self-Serve BI Rollout,47000.00,2024-04-14,4.50
b66721236e15f6aca33c195ebb0e5f77,E017,Ravi Menon,Data Engineer,P030,Feature Store Build-Out,115000.00,2024-04-03,8.00
8413ec0ad70fae6bed16e8825c872cd0,E011,Yuki Tanaka,Data Engineer,P023,Data Mesh Pilot,58000.00,2024-04-07,7.00
ba6b144113a9be6764e8be1cb6c29f55,E036,Astrid Lindgren,Data Scientist,P031,Customer Churn Model,78000.00,2024-02-21,9.00
fd9d5030d989f6d153ff0331f8b861fd,E039,Nils Bergström,Backend Engineer,P002,Data Warehouse Migration,85000.00,2024-01-22,8.00
da01ed03d5e71c0e2ce08ffa715acce1,E016,Claire Fontaine,Product Manager,P015,Self-Serve BI Rollout,47000.00,2024-04-14,5.00
b0f739f8f2febfa8a48e88c819ed6e08,E022,Aisha Mohammed,Data Engineer,P030,Feature Store Build-Out,115000.00,2024-05-06,6.50
601c4a92c8813965fbe4fa501bcb088d,E032,Mei Lin,Data Engineer,P023,Data Mesh Pilot,58000.00,2024-05-07,8.00
584b77677774e80ddf2135c996fb3222,E005,Lena Bauer,Data Scientist,P031,Customer Churn Model,78000.00,2024-02-20,9.00
7a7c00ef65a115c73969ade71838e089,E010,Daniel Kovač,Backend Engineer,P002,Data Warehouse Migration,85000.00,2024-03-24,8.00
348a4130c8104f1be09a574b30402472,E004,Tom Whitfield,Product Manager,P015,Self-Serve BI Rollout,47000.00,2024-02-18,4.00
0aa8ee1327890948946c873e06ee9148,E022,Aisha Mohammed,Data Engineer,P030,Feature Store Build-Out,115000.00,2024-04-03,6.00
804f365ec024e5081d6a331cdb74b7d9,E027,Kofi Asante,Data Engineer,P023,Data Mesh Pilot,58000.00,2024-05-07,8.00
f34f287afe7d0d250ea0aadec13fd731,E029,Tariq Hassan,Data Scientist,P031,Customer Churn Model,78000.00,2024-05-05,9.00
836749dc41738f449d920a8c0b4b79aa,E003,Maria Gonzalez,Backend Engineer,P002,Data Warehouse Migration,85000.00,2024-01-07,8.00
52d0c18006f0ebaf9af48d0d5af8cc5b,E038,Claudia Reyes,Product Manager,P015,Self-Serve BI Rollout,47000.00,2024-04-15,3.50
5e03b383eb88638ca82cd47725364181,E017,Ravi Menon,Data Engineer,P030,Feature Store Build-Out,115000.00,2024-02-10,8.00
2845562b45f054b1faefaae7ef1b2c31,E022,Aisha Mohammed,Data Engineer,P023,Data Mesh Pilot,58000.00,2024-02-25,6.50
680478c59afa9c73ad0e4a0df20a1cee,E023,Stefan Richter,Data Scientist,P031,Customer Churn Model,78000.00,2024-04-04,9.00
7e3fb8c5a2463cd20a11d5759479e286,E039,Nils Bergström,Backend Engineer,P002,Data Warehouse Migration,85000.00,2024-03-25,8.00
e09bf6b3ad078b1856746d39e754ccb0,E012,Brendan Walsh,Project Manager,P015,Self-Serve BI Rollout,47000.00,2024-04-14,3.00
6d085c110617e8e05e2dd8f147073ee0,E005,Lena Bauer,Data Scientist,P030,Feature Store Build-Out,115000.00,2024-02-07,8.00
03b40a53630523a987c9a61ea00e6cb8,E032,Mei Lin,Data Engineer,P023,Data Mesh Pilot,58000.00,2024-02-25,7.00
43ec9d30bd0b357c4c9546b2b671d317,E014,Anouk Vermeer,Data Scientist,P031,Customer Churn Model,78000.00,2024-02-20,8.00
aaf00810c20a1a2ba509356e466d4651,E010,Daniel Kovač,Backend Engineer,P002,Data Warehouse Migration,85000.00,2024-01-10,7.50
13bee7462f9bb193fc8e4d8a549f909f,E028,Hannah Müller,Product Manager,P015,Self-Serve BI Rollout,47000.00,2024-02-19,4.00
dbceda256427e07b39f08b2f6524cc8e,E027,Kofi Asante,Data Engineer,P030,Feature Store Build-Out,115000.00,2024-02-10,8.00
c52bc58ef1bea95cc442c36bb03ab406,E007,Priya Sharma,Data Engineer,P023,Data Mesh Pilot,58000.00,2024-02-24,8.00
18d60dfa73a74f407b3a7a269adcbac7,E014,Anouk Vermeer,Data Scientist,P031,Customer Churn Model,78000.00,2024-05-05,7.50
d1bb4d86bbd4b3d19ed11c283e55a0fe,E003,Maria Gonzalez,Backend Engineer,P002,Data Warehouse Migration,85000.00,2024-03-25,6.50
fdfc41e3d841f5642043d4a840b2290c,E016,Claire Fontaine,Product Manager,P015,Self-Serve BI Rollout,47000.00,2024-02-19,5.00
b7af79de29832172011e7f81166c8a93,E022,Aisha Mohammed,Data Engineer,P030,Feature Store Build-Out,115000.00,2024-02-10,6.50
59ca8604bf9cae3639c145111eaa0e05,E027,Kofi Asante,Data Engineer,P023,Data Mesh Pilot,58000.00,2024-02-25,8.00
98745ee5b539fa0a13a1c7e1558f38d4,E023,Stefan Richter,Data Scientist,P031,Customer Churn Model,78000.00,2024-02-21,7.50
36085650212c9916d660eb7821a5d3f7,E031,Jack Reynolds,Backend Engineer,P002,Data Warehouse Migration,85000.00,2024-01-21,8.00
94f343cbe327ea2f49d50d0fba8c7591,E012,Brendan Walsh,Project Manager,P015,Self-Serve BI Rollout,47000.00,2024-02-18,3.50
ece3dd28855425fe8799b29f858c9fb8,E005,Lena Bauer,Data Scientist,P030,Feature Store Build-Out,115000.00,2024-04-03,7.00
790c7ee493856b9aa2c9516012bb0aba,E017,Ravi Menon,Data Engineer,P023,Data Mesh Pilot,58000.00,2024-02-24,8.00
513ef9f966b798baec2dd9667bd27237,E036,Astrid Lindgren,Data Scientist,P031,Customer Churn Model,78000.00,2024-04-04,7.50
e64341afcbdbdc9c50f613223249c04b,E001,Sarah Okonkwo,Data Engineer,P002,Data Warehouse Migration,85000.00,2024-01-15,8.00
f6822399d586048daef552a134a942fb,E028,Hannah Müller,Product Manager,P015,Self-Serve BI Rollout,47000.00,2024-04-15,4.00
cc4bb6e3d353fcbfd53bafdc8a64c122,E032,Mei Lin,Data Engineer,P030,Feature Store Build-Out,115000.00,2024-02-11,7.00
b810d5dd2f8161a6719ac02df154b71a,E037,Femi Adeyemi,Data Engineer,P023,Data Mesh Pilot,58000.00,2024-02-26,8.00
4a5169e1cc32c02a6badff76bf47ef64,E036,Astrid Lindgren,Data Scientist,P031,Customer Churn Model,78000.00,2024-05-05,8.00
1b8bd3e54481d2418f1ddb431881b51a,E031,Jack Reynolds,Backend Engineer,P002,Data Warehouse Migration,85000.00,2024-03-25,7.50
5baa5863f211a99662dfe8a9c381c22d,E038,Claudia Reyes,Product Manager,P015,Self-Serve BI Rollout,47000.00,2024-02-19,3.00
d8c641fd904eaae3974086b1bf988a80,E017,Ravi Menon,Data Engineer,P030,Feature Store Build-Out,115000.00,2024-05-06,8.00
26f82f5126618d0860ecd3a233af1b74,E027,Kofi Asante,Data Engineer,P023,Data Mesh Pilot,58000.00,2024-04-02,8.00
54706e048ab1d668cea8066fc948effb,E029,Tariq Hassan,Data Scientist,P031,Customer Churn Model,78000.00,2024-02-21,8.00
12d7f734438d52e740b0343c57e1dc23,E010,Daniel Kovač,Backend Engineer,P002,Data Warehouse Migration,85000.00,2024-05-14,7.00
f879d8944460a5339ca47a413ea376b9,E037,Femi Adeyemi,Data Engineer,P030,Feature Store Build-Out,115000.00,2024-02-11,8.00
86d7dc90a56e5041fd16103989590498,E017,Ravi Menon,Data Engineer,P023,Data Mesh Pilot,58000.00,2024-04-07,8.00
de74d2f731cf318f81976a42550d500f,E029,Tariq Hassan,Data Scientist,P031,Customer Churn Model,78000.00,2024-04-04,8.00
25fb76225d11d62abbbbfb5e7ca4cef3,E003,Maria Gonzalez,Backend Engineer,P002,Data Warehouse Migration,85000.00,2024-05-14,6.50
80a9bb2f76f4109d11ade265e15a44ab,E001,Sarah Okonkwo,Data Engineer,P030,Feature Store Build-Out,115000.00,2024-02-07,6.00
f01036a5465ff5522a9e13678769c3fb,E007,Priya Sharma,Data Engineer,P023,Data Mesh Pilot,58000.00,2024-04-07,8.00
dbd0ff59410f9b905f82d3e2d5e36ec3,E001,Sarah Okonkwo,Data Engineer,P031,Customer Churn Model,78000.00,2024-05-05,8.00
4d1d473e3c61e0f06298fb1eae3a5ca7,E003,Maria Gonzalez,Backend Engineer,P002,Data Warehouse Migration,85000.00,2024-02-01,8.00
6663ce0877e9b01a5651a1174e9e4ddf,E011,Yuki Tanaka,Data Engineer,P030,Feature Store Build-Out,115000.00,2024-02-07,7.00
7683ed4752b599b0250b042c5f44480d,E011,Yuki Tanaka,Data Engineer,P023,Data Mesh Pilot,58000.00,2024-02-24,7.00
d17387f9f40f39cabcc5bb8f1dcfd902,E014,Anouk Vermeer,Data Scientist,P031,Customer Churn Model,78000.00,2024-04-04,8.00
8c6d48329298fb41e02c6014f5163589,E031,Jack Reynolds,Backend Engineer,P002,Data Warehouse Migration,85000.00,2024-05-14,8.00
e9a64b2fc4a25850b4e2689da0c96090,E001,Sarah Okonkwo,Data Engineer,P030,Feature Store Build-Out,115000.00,2024-04-02,8.00
62b2bbf708fcc21f43708dd7d19af229,E001,Sarah Okonkwo,Data Engineer,P031,Customer Churn Model,78000.00,2024-02-20,8.00
4203edae795efac1d93100a5c99711b2,E005,Lena Bauer,Data Scientist,P030,Feature Store Build-Out,115000.00,2024-05-06,7.00
b39655176fe65f44170c3eae7a8154d5,E027,Kofi Asante,Data Engineer,P001,Alpha Platform Rebuild,120000.00,2024-04-25,7.50
4e45681653d59687a12d9deb4c6cec61,E016,Claire Fontaine,Product Manager,P004,Internal Analytics Dashboard,45000.00,2024-05-22,4.00
c5b84950ba8b128a5d0873b2d6a470c6,E033,Andrei Popov,DevOps Engineer,P006,Legacy System Decommission,30000.00,2024-04-18,6.00
326f8b9db42c1e954b4a440423b65a55,E017,Ravi Menon,Data Engineer,P001,Alpha Platform Rebuild,120000.00,2024-04-28,8.00
5ae66dd62d556155a2eae53e29cc0f5b,E038,Claudia Reyes,Product Manager,P004,Internal Analytics Dashboard,45000.00,2024-03-17,3.00
b9b5399d321d554ac4f9eda648f51162,E019,Marcus Bell,DevOps Engineer,P006,Legacy System Decommission,30000.00,2024-05-28,7.50
0ccfdc0dcd921b2ae9fe2dfe3983baba,E027,Kofi Asante,Data Engineer,P001,Alpha Platform Rebuild,120000.00,2024-01-18,8.00
25f231ba4de44a38fce2003695efe845,E012,Brendan Walsh,Project Manager,P004,Internal Analytics Dashboard,45000.00,2024-01-11,3.00
56be51f3113a537842ac6ef344887051,E006,Chris Ndukwe,DevOps Engineer,P006,Legacy System Decommission,30000.00,2024-04-18,7.50
19a5dc59e1b5773ffdc7d4b860a750ce,E027,Kofi Asante,Data Engineer,P001,Alpha Platform Rebuild,120000.00,2024-03-10,8.00
8b405ec7e43a174847d6724ac8f58f85,E004,Tom Whitfield,Product Manager,P004,Internal Analytics Dashboard,45000.00,2024-01-08,4.00
775e5ca9f47240dc52179abba2d5b942,E019,Marcus Bell,DevOps Engineer,P006,Legacy System Decommission,30000.00,2024-01-14,8.00
d49e5467fd86543e53afabb78f584901,E007,Priya Sharma,Data Engineer,P001,Alpha Platform Rebuild,120000.00,2024-01-09,7.00
3d9d19fcc0919a6a6a6e76ff63ed53f4,E012,Brendan Walsh,Project Manager,P004,Internal Analytics Dashboard,45000.00,2024-05-22,3.50
6ab5e621ef5c1fac3a85b02c9626a8e2,E019,Marcus Bell,DevOps Engineer,P006,Legacy System Decommission,30000.00,2024-01-30,8.00
c48497dd70f6fa8d62e7f0fcda362f6b,E001,Sarah Okonkwo,Data Engineer,P001,Alpha Platform Rebuild,120000.00,2024-01-08,7.50
616f5b1dc84d04a4abbb6fff95b5a953,E016,Claire Fontaine,Product Manager,P004,Internal Analytics Dashboard,45000.00,2024-01-29,5.00
82dd0ee0011bfb43718c3e2486bd3a88,E006,Chris Ndukwe,DevOps Engineer,P006,Legacy System Decommission,30000.00,2024-03-17,7.50
5a77624c085a39cacac6826e8501576c,E037,Femi Adeyemi,Data Engineer,P001,Alpha Platform Rebuild,120000.00,2024-04-02,7.50
16c04451fb111f5f5daca27b60bbe2c7,E012,Brendan Walsh,Project Manager,P004,Internal Analytics Dashboard,45000.00,2024-03-14,3.50
812e3828de96486369e3c98d852b4a67,E006,Chris Ndukwe,DevOps Engineer,P006,Legacy System Decommission,30000.00,2024-01-09,8.00
bf259ba07c83ce9ea944e47b32940ea0,E027,Kofi Asante,Data Engineer,P001,Alpha Platform Rebuild,120000.00,2024-02-05,6.00
1f8a635f7fe5b306ef82a8d394c05931,E038,Claudia Reyes,Product Manager,P004,Internal Analytics Dashboard,45000.00,2024-01-22,3.00
3c52f90e412fb8828e46a83f954682d2,E019,Marcus Bell,DevOps Engineer,P006,Legacy System Decommission,30000.00,2024-04-18,8.00
a7a56bec34cf9b40424c4e95fb5eb146,E001,Sarah Okonkwo,Data Engineer,P001,Alpha Platform Rebuild,120000.00,2024-04-28,8.00
91e71e70f1a7a9732813b0e65d08c62a,E028,Hannah Müller,Product Manager,P004,Internal Analytics Dashboard,45000.00,2024-01-18,4.00
5d97ba7fb43a0a25c50408b8ce476605,E033,Andrei Popov,DevOps Engineer,P006,Legacy System Decommission,30000.00,2024-01-21,8.00
259a95cd2ebdad374eb0d07ad6a10880,E017,Ravi Menon,Data Engineer,P001,Alpha Platform Rebuild,120000.00,2024-01-29,8.00
8c658ac7f401cfc22a20da62fb3357a4,E004,Tom Whitfield,Product Manager,P004,Internal Analytics Dashboard,45000.00,2024-05-22,5.00
b50a31caee50795412986d3e62e41344,E006,Chris Ndukwe,DevOps Engineer,P006,Legacy System Decommission,30000.00,2024-05-28,8.00
2408bcb7a79e0e5105cf4324b6d5ddf3,E001,Sarah Okonkwo,Data Engineer,P001,Alpha Platform Rebuild,120000.00,2024-02-01,8.00
c2d72c3badbc27673ac3a8c01e8c5bae,E021,Leo Dubois,,P004,Internal Analytics Dashboard,45000.00,2024-01-30,6.00
fde3f38807289b7bbcbb319724d0d8f5,E019,Marcus Bell,DevOps Engineer,P006,Legacy System Decommission,30000.00,2024-03-18,8.00
9f8582678b4f7ff84ac9f864e95165a6,E037,Femi Adeyemi,Data Engineer,P001,Alpha Platform Rebuild,120000.00,2024-03-10,8.00
1f4e3784c32e17679c139cd403b8fb87,E028,Hannah Müller,Product Manager,P004,Internal Analytics Dashboard,45000.00,2024-03-17,4.00
9fbf5d6ee3598160fea42b99a52327bf,E033,Andrei Popov,DevOps Engineer,P006,Legacy System Decommission,30000.00,2024-05-28,8.00
853401aa9ae6b8504f7152ee41a96273,E037,Femi Adeyemi,Data Engineer,P001,Alpha Platform Rebuild,120000.00,2024-02-06,8.00
dd336db6c337d0ed767a3535739e4f1d,E028,Hannah Müller,Product Manager,P004,Internal Analytics Dashboard,45000.00,2024-05-22,3.00
8f773b5a1d8c0100300e3207b72a7e77,E033,Andrei Popov,DevOps Engineer,P006,Legacy System Decommission,30000.00,2024-03-18,6.00
d5c2d38a0907804580f59791c16d3b90,E007,Priya Sharma,Data Engineer,P001,Alpha Platform Rebuild,120000.00,2024-04-28,7.00
f1a2e2b55a4aea7363091df4e83934b6,E021,Leo Dubois,,P004,Internal Analytics Dashboard,45000.00,2024-05-01,7.00
841a9d6d6257718fa649294ede53f441,E037,Femi Adeyemi,Data Engineer,P001,Alpha Platform Rebuild,120000.00,2024-01-22,8.00
ed22844e5e903db4d5b8e911796d681e,E016,Claire Fontaine,Product Manager,P004,Internal Analytics Dashboard,45000.00,2024-03-14,5.00
af756bc766e1bbf60e7ff7f5cc3c4aba,E007,Priya Sharma,Data Engineer,P001,Alpha Platform Rebuild,120000.00,2024-03-11,8.00
739a9dabe2b2ed30c84691680732b948,E016,Claire Fontaine,Product Manager,P004,Internal Analytics Dashboard,45000.00,2024-01-14,5.00
0178e7f8d870ba6ffbcc21fa7c904c13,E017,Ravi Menon,Data Engineer,P001,Alpha Platform Rebuild,120000.00,2024-03-11,6.00
2cba9c2da231a9e877270470e73241ac,E004,Tom Whitfield,Product Manager,P004,Internal Analytics Dashboard,45000.00,2024-03-14,4.00
1e9fbc7b470183fa2efbf81cbf0caf4d,E037,Femi Adeyemi,Data Engineer,P001,Alpha Platform Rebuild,120000.00,2024-04-24,8.00
ef1e334fbf8537f5ff8e4bcbaaed828b,E038,Claudia Reyes,Product Manager,P004,Internal Analytics Dashboard,45000.00,2024-05-23,4.50
c3c2d966077e9e0e336cd8989f36c93b,E001,Sarah Okonkwo,Data Engineer,P001,Alpha Platform Rebuild,120000.00,2024-01-07,8.00
734d3919bc9fc25888c229f5f134ce06,E012,Brendan Walsh,Project Manager,P004,Internal Analytics Dashboard,45000.00,2024-01-28,4.00
beb79913ef0bbf4f16b6c6548161464e,E007,Priya Sharma,Data Engineer,P001,Alpha Platform Rebuild,120000.00,2024-01-16,8.00
3fbab21376dadf6bfdda68814693851f,E037,Femi Adeyemi,Data Engineer,P001,Alpha Platform Rebuild,120000.00,2024-05-07,7.50
3959cc0d4a4556de16ded515155e4ad8,E007,Priya Sharma,Data Engineer,P001,Alpha Platform Rebuild,120000.00,2024-02-04,8.00
6b2ee72462346b0d5abd5111e2108c00,E001,Sarah Okonkwo,Data Engineer,P001,Alpha Platform Rebuild,120000.00,2024-03-11,7.50
a216b1a3415c719682724dd44df21cbb,E017,Ravi Menon,Data Engineer,P001,Alpha Platform Rebuild,120000.00,2024-01-14,8.00
661bc14bdb54ce0195dffd57ce7d453f,E017,Ravi Menon,Data Engineer,P001,Alpha Platform Rebuild,120000.00,2024-02-05,7.50
a21631025910bb7f3a76c65b66fccefe,E022,Aisha Mohammed,Data Engineer,P007,ML Forecasting Pipeline,95000.00,2024-05-20,6.50
1a2425bc565c836f033c04b1c271d737,E039,Nils Bergström,Backend Engineer,P008,API Gateway Consolidation,,2024-03-24,7.00
80b1f8876877becd2afec2d9a7f8a17d,E015,Samuel Osei,Backend Engineer,P020,Product Recommendation Engine,130000.00,2024-04-10,8.00
74668aba1192b7b5e22ab529bb2202ce,E014,Anouk Vermeer,Data Scientist,P007,ML Forecasting Pipeline,95000.00,2024-03-06,7.50
d8e5fb19fcdfa84a5ff4c6c8ad7b621a,E024,Grace Kim,Backend Engineer,P008,API Gateway Consolidation,,2024-05-13,6.00
8e8d0aa672b5bd3e76ce149c4ff82f87,E003,Maria Gonzalez,Backend Engineer,P020,Product Recommendation Engine,130000.00,2024-05-30,7.50
696e75f137363fafd0a5ff91e8feca8a,E011,Yuki Tanaka,Data Engineer,P007,ML Forecasting Pipeline,95000.00,2024-04-16,8.00
41f3dde0af9e888c78ca0ad52457d830,E015,Samuel Osei,Backend Engineer,P008,API Gateway Consolidation,,2024-03-21,8.00
48389ad06afc73f0104446692826cc42,E003,Maria Gonzalez,Backend Engineer,P020,Product Recommendation Engine,130000.00,2024-02-13,8.00
402a6e49ca0536b781d8a22f595e039c,E005,Lena Bauer,Data Scientist,P007,ML Forecasting Pipeline,95000.00,2024-02-04,9.00
07318a58b3ca746e317ffa0e07dfe70b,E015,Samuel Osei,Backend Engineer,P008,API Gateway Consolidation,,2024-01-11,8.00
c3673dd1637a3a5eee821295e30e7fbb,E024,Grace Kim,Backend Engineer,P020,Product Recommendation Engine,130000.00,2024-04-11,6.50
7306fc67d9687e3d2b82e833e99d74de,E011,Yuki Tanaka,Data Engineer,P007,ML Forecasting Pipeline,95000.00,2024-01-10,8.00
601cd186452c63c296822a51f352dd6a,E031,Jack Reynolds,Backend Engineer,P008,API Gateway Consolidation,,2024-05-13,7.50
0658342296cac90a6f009250c6c48002,E024,Grace Kim,Backend Engineer,P020,Product Recommendation Engine,130000.00,2024-05-30,8.00
47e1d9d72528c8cf9328a4cb753302de,E011,Yuki Tanaka,Data Engineer,P007,ML Forecasting Pipeline,95000.00,2024-03-05,8.00
b1c0c6f55b59c413384409131e0e9291,E024,Grace Kim,Backend Engineer,P008,API Gateway Consolidation,,2024-01-17,8.00
ff0e1031086070b439894b98797ba510,E024,Grace Kim,Backend Engineer,P020,Product Recommendation Engine,130000.00,2024-02-14,6.50
e7928ee95ff3c9fceee043974cfbcc38,E029,Tariq Hassan,Data Scientist,P007,ML Forecasting Pipeline,95000.00,2024-05-21,8.00
c99bad639789584d56a291f8c0d1aefd,E039,Nils Bergström,Backend Engineer,P008,API Gateway Consolidation,,2024-05-13,8.00
5e4c931aff92d1265863ac4be0fff3fe,E010,Daniel Kovač,Backend Engineer,P020,Product Recommendation Engine,130000.00,2024-02-13,7.00
091ce089e64bc67295c802f9b479c79d,E023,Stefan Richter,Data Scientist,P007,ML Forecasting Pipeline,95000.00,2024-01-17,9.00
d116f6697dcef0a5dc081097c51d17e2,E003,Maria Gonzalez,Backend Engineer,P008,API Gateway Consolidation,,2024-03-21,7.50
6e7b0ecee1d177052d17431c47a4eeaa,E039,Nils Bergström,Backend Engineer,P020,Product Recommendation Engine,130000.00,2024-04-11,7.00
d7c8d470df6efb0c1184e2f3e61562d3,E014,Anouk Vermeer,Data Scientist,P007,ML Forecasting Pipeline,95000.00,2024-04-16,7.50
4c5168edf5cbd51dcafbcc77d17f4e0b,E003,Maria Gonzalez,Backend Engineer,P008,API Gateway Consolidation,,2024-01-15,8.00
e54d6d05dd355f8998bb7892149d162d,E031,Jack Reynolds,Backend Engineer,P020,Product Recommendation Engine,130000.00,2024-04-11,8.00
b05da7261a8f493b1ca55966c6958653,E036,Astrid Lindgren,Data Scientist,P007,ML Forecasting Pipeline,95000.00,2024-05-21,8.00
5e54abb28fb411754b014ca4c9780778,E024,Grace Kim,Backend Engineer,P008,API Gateway Consolidation,,2024-03-21,6.00
49778d7f9a7501b663b5ca2a27b5a530,E010,Daniel Kovač,Backend Engineer,P020,Product Recommendation Engine,130000.00,2024-04-10,7.00
22f3751f6d812b7c1e116f33a628f591,E005,Lena Bauer,Data Scientist,P007,ML Forecasting Pipeline,95000.00,2024-03-05,9.00
45e79e4ce2e066209eaa037dfd5e3f9d,E015,Samuel Osei,Backend Engineer,P008,API Gateway Consolidation,,2024-05-12,8.00
1f3c7a6ba191cf973a072aa425bce9ab,E010,Daniel Kovač,Backend Engineer,P020,Product Recommendation Engine,130000.00,2024-05-30,8.00
a04c4bc16bd09f2b10d3855614c1139e,E005,Lena Bauer,Data Scientist,P007,ML Forecasting Pipeline,95000.00,2024-05-19,9.00
a6d2098e7239ef9137919f0417a7a422,E031,Jack Reynolds,Backend Engineer,P008,API Gateway Consolidation,,2024-03-24,8.00
a5454cbd6579b35a8d52ea1abb208164,E039,Nils Bergström,Backend Engineer,P020,Product Recommendation Engine,130000.00,2024-02-17,7.00
79595c75973d461313e90b8fbf576732,E036,Astrid Lindgren,Data Scientist,P007,ML Forecasting Pipeline,95000.00,2024-04-17,8.50
394258c208ee5db8137c3cb1acdcb4bc,E003,Maria Gonzalez,Backend Engineer,P008,API Gateway Consolidation,,2024-05-12,7.50
856eeebdddaf1141c303c623d0b3afec,E031,Jack Reynolds,Backend Engineer,P020,Product Recommendation Engine,130000.00,2024-02-14,8.00
6bf606437eabf24a7921df439cb565e9,E029,Tariq Hassan,Data Scientist,P007,ML Forecasting Pipeline,95000.00,2024-01-18,8.00
3887faf1977e9cf1e409dd81e020b7df,E024,Grace Kim,Backend Engineer,P008,API Gateway Consolidation,,2024-01-31,8.00
0b00f266c3677448b72fcda10fc801bd,E015,Samuel Osei,Backend Engineer,P020,Product Recommendation Engine,130000.00,2024-05-30,6.00
8b3ca377588219c958381e9c3f6a388b,E029,Tariq Hassan,Data Scientist,P007,ML Forecasting Pipeline,95000.00,2024-02-06,8.00
998ec7ded34e41e546e7d4b75de7f79d,E015,Samuel Osei,Backend Engineer,P008,API Gateway Consolidation,,2024-01-29,8.00
385f3a24eb01ae193d1021657bad5590,E015,Samuel Osei,Backend Engineer,P020,Product Recommendation Engine,130000.00,2024-02-14,8.00
823495f7c77fbac96c97da0d383d3aa4,E023,Stefan Richter,Data Scientist,P007,ML Forecasting Pipeline,95000.00,2024-01-31,7.50
f15d038123d5f3e28c3df8b340de9f41,E003,Maria Gonzalez,Backend Engineer,P020,Product Recommendation Engine,130000.00,2024-04-10,8.00
77736c95360ea81934306ec7ca5ededa,E017,Ravi Menon,Data Engineer,P007,ML Forecasting Pipeline,95000.00,2024-03-06,8.00
18615623b38ce9447e4eee797a7bef52,E036,Astrid Lindgren,Data Scientist,P007,ML Forecasting Pipeline,95000.00,2024-02-06,8.50
3f5ceb685e3048c0fcdc048e9fe16edd,E029,Tariq Hassan,Data Scientist,P007,ML Forecasting Pipeline,95000.00,2024-04-17,8.00
a0a0251121dda36e32d1ff6fcb8a0ed2,E005,Lena Bauer,Data Scientist,P007,ML Forecasting Pipeline,95000.00,2024-01-15,10.00
51f421a52e8ff684e7c47460727b1e21,E001,Sarah Okonkwo,Data Engineer,P007,ML Forecasting Pipeline,95000.00,2024-04-15,8.00
d96077a680f01f86dbd6e734d096d7d9,E001,Sarah Okonkwo,Data Engineer,P007,ML Forecasting Pipeline,95000.00,2024-03-05,8.00
2bf7f10612f2176d4d6280b2158e8f93,E023,Stefan Richter,Data Scientist,P007,ML Forecasting Pipeline,95000.00,2024-03-07,8.00
7f2d5a9235016a793e96f2a74cb0bc9e,E014,Anouk Vermeer,Data Scientist,P007,ML Forecasting Pipeline,95000.00,2024-02-05,8.00
5d4a248d3770693720a5654a14332cbf,E036,Astrid Lindgren,Data Scientist,P007,ML Forecasting Pipeline,95000.00,2024-01-22,9.00
efe7434bbcf6be3c43a7db53cf33417e,E023,Stefan Richter,Data Scientist,P007,ML Forecasting Pipeline,95000.00,2024-05-21,9.00
b0ff746e2626f46be30c9f2d5724b4e8,E023,Stefan Richter,Data Scientist,P007,ML Forecasting Pipeline,95000.00,2024-04-17,9.00
37c72512f908a07f1c2b2567aa92f880,E017,Ravi Menon,Data Engineer,P007,ML Forecasting Pipeline,95000.00,2024-05-20,8.00
0b35711c28075a694135c2d071f86ed1,E011,Yuki Tanaka,Data Engineer,P007,ML Forecasting Pipeline,95000.00,2024-05-19,8.00
62ae22416abdfe46d426a82be9b84e19,E005,Lena Bauer,Data Scientist,P007,ML Forecasting Pipeline,95000.00,2024-04-15,9.00
f48cd5250bba28750c60c8111c9b17d4,E036,Astrid Lindgren,Data Scientist,P007,ML Forecasting Pipeline,95000.00,2024-03-07,8.00
f6b4f35f7495e6d437472ee8b69a832c,E014,Anouk Vermeer,Data Scientist,P007,ML Forecasting Pipeline,95000.00,2024-01-11,6.00
2874e7d659a14c00ee5ca481ba6c8ac8,E011,Yuki Tanaka,Data Engineer,P007,ML Forecasting Pipeline,95000.00,2024-01-28,8.00
0a756fdce453c48480cd805a7c0e6c2f,E001,Sarah Okonkwo,Data Engineer,P007,ML Forecasting Pipeline,95000.00,2024-05-19,8.00
0dafeff35792604878f84bbf06adc279,E029,Tariq Hassan,Data Scientist,P007,ML Forecasting Pipeline,95000.00,2024-03-07,9.00
74428911e31d4fbb3e88a1bc1594840b,E022,Aisha Mohammed,Data Engineer,P007,ML Forecasting Pipeline,95000.00,2024-03-06,6.50
e703b496856163fdeb3f726f29796482,E014,Anouk Vermeer,Data Scientist,P007,ML Forecasting Pipeline,95000.00,2024-05-20,7.50
a9885b590f6acf788992d5a3f232f478,E005,Lena Bauer,Data Scientist,P007,ML Forecasting Pipeline,95000.00,2024-01-08,9.00
0b6f658b7931f09108c835729a1acfda,E009,Fatima Al-Hassan,Data Analyst,P003,Customer Portal v2,60000.00,2024-03-12,7.00
7222540c5fb573a55976a881b3f8c227,E035,David Ogundimu,Data Analyst,P003,Customer Portal v2,60000.00,2024-01-22,8.00
77cbb02a7917c36e6806abeb45e4d93b,E009,Fatima Al-Hassan,Data Analyst,P003,Customer Portal v2,60000.00,2024-05-26,8.00
4eca58898c4df74922223f3d361358dc,E040,Soraya Mohammadi,Data Analyst,P003,Customer Portal v2,60000.00,2024-05-26,7.50
de4f4949cb0f7bdc85c03d520e745ce7,E025,Patrick O'Brien,Data Analyst,P003,Customer Portal v2,60000.00,2024-01-17,7.00
d58158f8fe8c85a61cdf80540d588e90,E009,Fatima Al-Hassan,Data Analyst,P003,Customer Portal v2,60000.00,2024-02-04,7.00
fe45298e42d7e22f7517361e9c06cb35,E002,James Patel,Data Analyst,P003,Customer Portal v2,60000.00,2024-03-12,8.00
7133054e1bd0c36492c9c8df345b9ef7,E002,James Patel,Data Analyst,P003,Customer Portal v2,60000.00,2024-01-07,6.00
ce157e67479b58251e12de83524c51e1,E020,Ingrid Halvorsen,Data Analyst,P003,Customer Portal v2,60000.00,2024-05-23,7.00
47668ccc85c4fa9698a9c8e7df09b8f4,E020,Ingrid Halvorsen,Data Analyst,P003,Customer Portal v2,60000.00,2024-03-12,6.50
74774fcb56b4fb42bdc9f702cc6bf295,E040,Soraya Mohammadi,Data Analyst,P003,Customer Portal v2,60000.00,2024-03-13,6.00
4a75a0c509839051083fefd06ce12d9c,E025,Patrick O'Brien,Data Analyst,P003,Customer Portal v2,60000.00,2024-01-31,6.00
3b138c28de3c4bdb028d6ee140e57989,E025,Patrick O'Brien,Data Analyst,P003,Customer Portal v2,60000.00,2024-03-13,8.00
9105f391963f06a6bf472487e75b0090,E035,David Ogundimu,Data Analyst,P003,Customer Portal v2,60000.00,2024-05-23,6.50
19780f2cd809cfc0f7a5339e88f175c6,E020,Ingrid Halvorsen,Data Analyst,P003,Customer Portal v2,60000.00,2024-01-15,6.00
ae844081f4fb3f093b9eb42716c5d07b,E002,James Patel,Data Analyst,P003,Customer Portal v2,60000.00,2024-02-01,7.00
8a91c38173d5325ec65973dc06bae37b,E025,Patrick O'Brien,Data Analyst,P003,Customer Portal v2,60000.00,2024-05-23,8.00
c5b35792a044c5e8cded91e553bb7b87,E002,James Patel,Data Analyst,P003,Customer Portal v2,60000.00,2024-05-26,6.00
2566a09523f239946d9d4fa546cfa7e9,E035,David Ogundimu,Data Analyst,P003,Customer Portal v2,60000.00,2024-03-13,7.50
df9345aaaff1c3d23346e2db6c84e452,E009,Fatima Al-Hassan,Data Analyst,P003,Customer Portal v2,60000.00,2024-01-10,8.00
fca7263706bead667c5b8f80202fcd34,E008,Oliver Marsh,Analytics Engineer,P010,Data Catalogue Implementation,70000.00,2024-05-29,6.50
c8bbda93bc030953dfed343ec1890f82,E011,Yuki Tanaka,Data Engineer,P012,Real-Time Alerting System,88000.00,2024-01-16,8.00
7c3f21664b936ec58f5753abd443e275,E015,Samuel Osei,Backend Engineer,P035,Cross-Sell Recommendation,92000.00,2024-03-03,8.00
8027fe565e29f77974f02de9838c7387,E032,Mei Lin,Data Engineer,P018,Event Streaming Platform,110000.00,2024-04-25,8.00
7addc91ab1fa6cf566995d6c2a39eddd,E040,Soraya Mohammadi,Data Analyst,P025,Search Relevance Improvement,84000.00,2024-02-28,6.00
75c4509a5d5c9c051b65eff99ed07bc2,E007,Priya Sharma,Data Engineer,P005,Mobile App Launch,200000.00,2024-01-25,7.00
752ba1d12e3520e64f23cb3d39e218a7,E034,Simone Bianchi,Analytics Engineer,P026,Experimentation Platform,67000.00,2024-04-09,6.00
f48b52197ce6e7694f27eed96ad61f76,E034,Simone Bianchi,Analytics Engineer,P010,Data Catalogue Implementation,70000.00,2024-05-30,8.00
243b4f998c61157e13849ad1fd7e61a6,E011,Yuki Tanaka,Data Engineer,P012,Real-Time Alerting System,88000.00,2024-05-08,7.00
78625855ca379d5784ed380226ccddce,E039,Nils Bergström,Backend Engineer,P035,Cross-Sell Recommendation,92000.00,2024-03-04,7.00
2111214de94ce9be99620e260ce2c036,E032,Mei Lin,Data Engineer,P018,Event Streaming Platform,110000.00,2024-05-08,6.00
f167308e49fb6136775080be2b547064,E018,Nina Johansson,Analytics Engineer,P025,Search Relevance Improvement,84000.00,2024-02-27,7.00
63e8ebbc02d9686af39db6715c0e9f5c,E007,Priya Sharma,Data Engineer,P005,Mobile App Launch,200000.00,2024-05-09,7.50
2c76ee25d05239fdbeaf6be9750c26a4,E026,Valentina Rossi,Analytics Engineer,P026,Experimentation Platform,67000.00,2024-04-09,8.00
a1a68f6943f0f504b09262fed21ebad5,E026,Valentina Rossi,Analytics Engineer,P010,Data Catalogue Implementation,70000.00,2024-04-22,6.50
c128a710b93e81ce37706683f3b008cb,E011,Yuki Tanaka,Data Engineer,P012,Real-Time Alerting System,88000.00,2024-02-04,6.50
9ac327e3801a815ece094c036f584d51,E031,Jack Reynolds,Backend Engineer,P035,Cross-Sell Recommendation,92000.00,2024-04-30,7.00
040164fcba2d82cc76481461f53927f2,E032,Mei Lin,Data Engineer,P018,Event Streaming Platform,110000.00,2024-01-21,6.00
87b6fe95b2a6d8a6e0387d002325d5ed,E030,Elena Popescu,Data Analyst,P025,Search Relevance Improvement,84000.00,2024-02-28,7.00
03570368bb7d031693ac20fb875793a3,E008,Oliver Marsh,Analytics Engineer,P005,Mobile App Launch,200000.00,2024-01-25,6.00
d1a5b62a83b37e682cbdbd6d2dca4347,E040,Soraya Mohammadi,Data Analyst,P026,Experimentation Platform,67000.00,2024-04-09,7.50
3125277430f31d7c343cce902967535b,E008,Oliver Marsh,Analytics Engineer,P010,Data Catalogue Implementation,70000.00,2024-03-19,6.50
7fccf8002b4487cb2c50de0554f149a9,E011,Yuki Tanaka,Data Engineer,P012,Real-Time Alerting System,88000.00,2024-04-01,8.00
b1de80c70793036a8e8c785ad0a09a28,E024,Grace Kim,Backend Engineer,P035,Cross-Sell Recommendation,92000.00,2024-04-30,8.00
4306d9b71c05890713ef99d021324f1d,E022,Aisha Mohammed,Data Engineer,P018,Event Streaming Platform,110000.00,2024-02-05,8.00
7402550e7f0e1e47e029de187230f29c,E025,Patrick O'Brien,Data Analyst,P025,Search Relevance Improvement,84000.00,2024-02-27,8.00
837409cf6b1acbe9a6c60e883a4203a0,E033,Andrei Popov,DevOps Engineer,P005,Mobile App Launch,200000.00,2024-03-28,7.00
e782d5e2b874092b8afca030f310bf0f,E034,Simone Bianchi,Analytics Engineer,P026,Experimentation Platform,67000.00,2024-02-12,7.00
0b0975c78cf4ee88a747d137e8faf3bc,E008,Oliver Marsh,Analytics Engineer,P010,Data Catalogue Implementation,70000.00,2024-01-09,6.50
320486dbe60d17a64c79934cb65e983b,E010,Daniel Kovač,Backend Engineer,P035,Cross-Sell Recommendation,92000.00,2024-03-03,7.50
fc05097aaecc72c9f4536e88d5c4a8ff,E032,Mei Lin,Data Engineer,P018,Event Streaming Platform,110000.00,2024-04-01,6.50
da85873cec8feec752899954261968c9,E026,Valentina Rossi,Analytics Engineer,P025,Search Relevance Improvement,84000.00,2024-02-28,6.50
a4b86678d354602000d2aacdbcab282f,E006,Chris Ndukwe,DevOps Engineer,P005,Mobile App Launch,200000.00,2024-03-27,8.00
29d2f3378b087b1b6c411081597d5b70,E026,Valentina Rossi,Analytics Engineer,P026,Experimentation Platform,67000.00,2024-02-12,6.00
f2bee569980bf6a2a9f144b421a52642,E034,Simone Bianchi,Analytics Engineer,P010,Data Catalogue Implementation,70000.00,2024-03-20,8.00
d686d9945f75b81d3a10dbd0f32ae0c8,E015,Samuel Osei,Backend Engineer,P035,Cross-Sell Recommendation,92000.00,2024-04-29,6.50
5f42d23b9222e98d0cd7da41212655b2,E032,Mei Lin,Data Engineer,P018,Event Streaming Platform,110000.00,2024-03-10,7.00
dc10672915712d4ed7f7f5026050761f,E035,David Ogundimu,Data Analyst,P025,Search Relevance Improvement,84000.00,2024-02-28,8.00
1dacf594cab6b421f7f81a056a34e77d,E005,Lena Bauer,Data Scientist,P005,Mobile App Launch,200000.00,2024-01-24,9.00
b0d77e54873aa151d63d0da82aa48a8a,E034,Simone Bianchi,Analytics Engineer,P026,Experimentation Platform,67000.00,2024-05-16,7.00
d95d00074fa41ecc7d74c7bb75b1c8f2,E034,Simone Bianchi,Analytics Engineer,P010,Data Catalogue Implementation,70000.00,2024-04-22,8.00
583831f0eb569658f7e02f97bd8170ad,E039,Nils Bergström,Backend Engineer,P035,Cross-Sell Recommendation,92000.00,2024-04-30,8.00
9ef2092a32e9b755c6b01d05cd27fcce,E032,Mei Lin,Data Engineer,P018,Event Streaming Platform,110000.00,2024-02-06,7.00
25f3f5c218b7e6726427dc5d08fa3a2e,E002,James Patel,Data Analyst,P025,Search Relevance Improvement,84000.00,2024-04-22,7.00
7bfd41a4cdabedd062cefee4a5333e61,E006,Chris Ndukwe,DevOps Engineer,P005,Mobile App Launch,200000.00,2024-01-25,8.00
463461ab1eccbb70b73d8707d247172f,E026,Valentina Rossi,Analytics Engineer,P026,Experimentation Platform,67000.00,2024-05-16,8.00
86b68802f664951ad4b464ee17353998,E026,Valentina Rossi,Analytics Engineer,P010,Data Catalogue Implementation,70000.00,2024-05-29,7.00
191ed34210f94191e9153b951fb56eeb,E010,Daniel Kovač,Backend Engineer,P035,Cross-Sell Recommendation,92000.00,2024-04-29,8.00
ff65c277858df2369ac7c3abda45a40f,E022,Aisha Mohammed,Data Engineer,P018,Event Streaming Platform,110000.00,2024-01-16,6.50
0d68378af4061ca4cb3b9210fecee06d,E035,David Ogundimu,Data Analyst,P025,Search Relevance Improvement,84000.00,2024-04-24,7.00
b62b5eb71a4a146f4afdc0012e99e101,E006,Chris Ndukwe,DevOps Engineer,P005,Mobile App Launch,200000.00,2024-05-09,7.00
1752d3be5182c27a17f273d10f147cb9,E008,Oliver Marsh,Analytics Engineer,P026,Experimentation Platform,67000.00,2024-04-08,8.00
a9abdd20d8747d15df9b5cb2aaf3e497,E008,Oliver Marsh,Analytics Engineer,P010,Data Catalogue Implementation,70000.00,2024-01-16,7.00
854d900fa35377119046a7ec0c92e0e5,E024,Grace Kim,Backend Engineer,P035,Cross-Sell Recommendation,92000.00,2024-03-04,6.00
82505893e5cb3ebae93c91f06ba10a4b,E022,Aisha Mohammed,Data Engineer,P018,Event Streaming Platform,110000.00,2024-05-08,8.00
85cb1263bd7bec3a59bf6d016e0ed723,E030,Elena Popescu,Data Analyst,P025,Search Relevance Improvement,84000.00,2024-04-23,8.00
59d023352281c1f9d83b435012108b4a,E019,Marcus Bell,DevOps Engineer,P005,Mobile App Launch,200000.00,2024-05-12,8.00
d63dd2a3f50efaf34b3c41b2ac540a8c,E002,James Patel,Data Analyst,P026,Experimentation Platform,67000.00,2024-04-08,6.50
91b46b46f4ab87893dfc03b9ba2e6674,E008,Oliver Marsh,Analytics Engineer,P010,Data Catalogue Implementation,70000.00,2024-04-21,7.00
589c3a71622eaae0dcc942ac12bd9e38,E031,Jack Reynolds,Backend Engineer,P035,Cross-Sell Recommendation,92000.00,2024-03-04,8.00
ee4ff4d718150ca7f6f1d0763bd5b9d4,E022,Aisha Mohammed,Data Engineer,P018,Event Streaming Platform,110000.00,2024-04-25,6.50
274b0b9beef99a2d472691014b349f56,E025,Patrick O'Brien,Data Analyst,P025,Search Relevance Improvement,84000.00,2024-04-23,6.50
103d739850f9fd262ddce467a5a9fc8b,E007,Priya Sharma,Data Engineer,P005,Mobile App Launch,200000.00,2024-03-27,6.50
f9205177534b623823a2bf1e1364d1c9,E018,Nina Johansson,Analytics Engineer,P026,Experimentation Platform,67000.00,2024-04-08,7.00
c59210137d92a5aaff31373d624d116f,E034,Simone Bianchi,Analytics Engineer,P010,Data Catalogue Implementation,70000.00,2024-01-21,7.00
f587dd425fb48b58ff76b99ebd6885a5,E003,Maria Gonzalez,Backend Engineer,P035,Cross-Sell Recommendation,92000.00,2024-03-03,8.00
338dea11c8c1db484478918b5daccb86,E022,Aisha Mohammed,Data Engineer,P018,Event Streaming Platform,110000.00,2024-01-31,8.00
28211f8259f1caee38f3841cbd112493,E040,Soraya Mohammadi,Data Analyst,P025,Search Relevance Improvement,84000.00,2024-04-24,6.00
c7d039cc970d5b6662de49c5962375ec,E003,Maria Gonzalez,Backend Engineer,P005,Mobile App Launch,200000.00,2024-01-24,8.00
e26314fc5de01c2ffe1d53f80c11e466,E018,Nina Johansson,Analytics Engineer,P026,Experimentation Platform,67000.00,2024-02-12,8.00
41634c0f2b407a93fd6cefb11884132c,E018,Nina Johansson,Analytics Engineer,P010,Data Catalogue Implementation,70000.00,2024-05-29,8.00
a29bc7fe39c02b623a5150c9c6d2eb44,E003,Maria Gonzalez,Backend Engineer,P035,Cross-Sell Recommendation,92000.00,2024-04-29,7.50
aa1e1d78f4f9d470c45cad97fefa0316,E022,Aisha Mohammed,Data Engineer,P018,Event Streaming Platform,110000.00,2024-04-01,7.00
78742bb4f2845afb630a1a949c2ad50b,E009,Fatima Al-Hassan,Data Analyst,P025,Search Relevance Improvement,84000.00,2024-04-23,8.00
dbb3f20e27ea48d248487f424737264b,E002,James Patel,Data Analyst,P005,Mobile App Launch,200000.00,2024-03-26,7.00
e0970ce99f924a1cce1589641ba7e1ca,E008,Oliver Marsh,Analytics Engineer,P026,Experimentation Platform,67000.00,2024-05-15,6.50
805d22aba7bc639b289e68033d00742f,E018,Nina Johansson,Analytics Engineer,P010,Data Catalogue Implementation,70000.00,2024-01-14,7.00
8c6d5a6686533a5b71585c283b8a4226,E009,Fatima Al-Hassan,Data Analyst,P025,Search Relevance Improvement,84000.00,2024-02-27,8.00
67abf1653649fdcf00176be78c9c0ebb,E002,James Patel,Data Analyst,P005,Mobile App Launch,200000.00,2024-01-23,6.50
1791cab049dc476800e22d4037e96c10,E002,James Patel,Data Analyst,P026,Experimentation Platform,67000.00,2024-05-15,7.00
938b058f6679031c493dd732cd880472,E018,Nina Johansson,Analytics Engineer,P010,Data Catalogue Implementation,70000.00,2024-03-20,8.00
a450bbb94bc840a824711ef6ce63a9ee,E008,Oliver Marsh,Analytics Engineer,P025,Search Relevance Improvement,84000.00,2024-02-26,6.00
a62a0054e3e0ba8c899f59fc5d39a542,E001,Sarah Okonkwo,Data Engineer,P005,Mobile App Launch,200000.00,2024-03-26,8.00
a8871ae990ea2a357748830ee54ce0ab,E008,Oliver Marsh,Analytics Engineer,P026,Experimentation Platform,67000.00,2024-02-11,7.50
3c9267f07fa49923b3d684aabb720d37,E026,Valentina Rossi,Analytics Engineer,P010,Data Catalogue Implementation,70000.00,2024-03-20,7.00
3bd20c5d936be75f65c86a72d45fac4d,E002,James Patel,Data Analyst,P025,Search Relevance Improvement,84000.00,2024-02-26,7.50
d7c685ba15c822a727b50e187193eeed,E001,Sarah Okonkwo,Data Engineer,P005,Mobile App Launch,200000.00,2024-01-23,8.00
e3068a5778af1c4332108f77d3aa94d3,E002,James Patel,Data Analyst,P026,Experimentation Platform,67000.00,2024-02-11,6.00
e4b5031b6c98ab716568149c43dea192,E026,Valentina Rossi,Analytics Engineer,P010,Data Catalogue Implementation,70000.00,2024-01-17,6.00
93194921496339084829bfcf94db343a,E001,Sarah Okonkwo,Data Engineer,P005,Mobile App Launch,200000.00,2024-05-09,8.00
fd106e4bd6f4464250c7bd35361c3197,E040,Soraya Mohammadi,Data Analyst,P026,Experimentation Platform,67000.00,2024-02-13,5.50
d07b3a507d5c1008d474d1e9ee62f09a,E018,Nina Johansson,Analytics Engineer,P010,Data Catalogue Implementation,70000.00,2024-01-30,7.00
3aa0dedbca6304e53bb03b731623f603,E019,Marcus Bell,DevOps Engineer,P005,Mobile App Launch,200000.00,2024-03-27,8.00
2fc2909a93a581ddcd9e4eb5714a4d0d,E018,Nina Johansson,Analytics Engineer,P026,Experimentation Platform,67000.00,2024-05-16,8.00
2c911b9190b8207dbc3d3bffdaf1688b,E018,Nina Johansson,Analytics Engineer,P010,Data Catalogue Implementation,70000.00,2024-04-21,8.00
85bda412bfc9571c2478fcf534a5f2fe,E004,Tom Whitfield,Product Manager,P005,Mobile App Launch,200000.00,2024-01-24,5.00
42069c81b9f772e82aed93c7e7b91261,E040,Soraya Mohammadi,Data Analyst,P026,Experimentation Platform,67000.00,2024-05-16,6.00
